{
  "type": "service_account",
  "project_id": "SEU_PROJETO",
  "private_key_id": "CHAVE",
  "private_key": "-----BEGIN PRIVATE KEY-----\nSUA_CHAVE\n-----END PRIVATE KEY-----\n",
  "client_email": "firebase-adminsdk@SEU_PROJETO.iam.gserviceaccount.com",
  "client_id": "SEU_ID",
  "auth_uri": "https://accounts.google.com/o/oauth2/auth",
  "token_uri": "https://oauth2.googleapis.com/token",
  "auth_provider_x509_cert_url": "https://www.googleapis.com/oauth2/v1/certs",
  "client_x509_cert_url": "https://www.googleapis.com/robot/v1/metadata/x509/firebase-adminsdk"
}
